06/01/2021,Isaiah 1
06/02/2021,Isaiah 2
06/03/2021,Isaiah 3
06/04/2021,Isaiah 4
06/05/2021,Isaiah 5
06/06/2021,Isaiah 6
06/07/2021,Isaiah 7
06/08/2021,Isaiah 8
06/09/2021,Isaiah 9
06/10/2021,Isaiah 10
06/11/2021,Isaiah 11
06/12/2021,Isaiah 12
06/13/2021,Isaiah 13
06/14/2021,Isaiah 14
06/15/2021,Isaiah 15
06/16/2021,Isaiah 16
06/17/2021,Isaiah 17
06/18/2021,Isaiah 18
06/19/2021,Isaiah 19
06/20/2021,Isaiah 20
06/21/2021,Isaiah 21
06/22/2021,Isaiah 22
06/23/2021,Isaiah 23
06/24/2021,Isaiah 24
06/25/2021,Isaiah 25
06/26/2021,Isaiah 26
06/27/2021,Isaiah 27
06/28/2021,Isaiah 28
06/29/2021,Isaiah 29
06/30/2021,Isaiah 30
07/01/2021,Isaiah 31
07/02/2021,Isaiah 32
07/03/2021,Isaiah 33
07/04/2021,Isaiah 34
07/05/2021,Isaiah 35
07/06/2021,Isaiah 36
07/07/2021,Isaiah 37
07/08/2021,Isaiah 38
07/09/2021,Isaiah 39
07/10/2021,Isaiah 40
07/11/2021,Isaiah 41
07/12/2021,Isaiah 42
07/13/2021,Isaiah 43
07/14/2021,Isaiah 44
07/15/2021,Isaiah 45
07/16/2021,Isaiah 46
07/17/2021,Isaiah 47
07/18/2021,Isaiah 48
07/19/2021,Isaiah 49
07/20/2021,Isaiah 50
07/21/2021,Isaiah 51
07/22/2021,Isaiah 52
07/23/2021,Isaiah 53
07/24/2021,Isaiah 54
07/25/2021,Isaiah 55
07/26/2021,Isaiah 56
07/27/2021,Isaiah 57
07/28/2021,Isaiah 58
07/29/2021,Isaiah 59
07/30/2021,Isaiah 60
07/31/2021,Isaiah 61
08/01/2021,Isaiah 62
08/02/2021,Isaiah 63
08/03/2021,Isaiah 64
08/04/2021,Isaiah 65
08/05/2021,Isaiah 66
